Sign Name,Confidence,Bounding Box
Speed Limit 50,0.96,"[[49.98699951171875, 55.17219924926758, 381.6343078613281, 379.86798095703125]]"
